technology,left_flank,barcode,umi,right_flank
10x3v2,CTACACGACGCTCTTCCGATCT,????????????????,??????????,TTTTTTTTTTTTTTTTTTTTTTTTTTTTTT
10x3v3,CTACACGACGCTCTTCCGATCT,????????????????,????????????,TTTTTTTTTTTTTTTTTTTTTTTTTTTTTT
10x3v4,CTACACGACGCTCTTCCGATCT,????????????????,????????????,TTTTTTTTTTTTTTTTTTTTTTTTTTTTTT
10x5v2,CTACACGACGCTCTTCCGATCT,????????????????,??????????,TTTCTTATATGGG
10x5v3,CTACACGACGCTCTTCCGATCT,????????????????,????????????,TTTCTTATATGGG
visium-v1,CTACACGACGCTCTTCCGATCT,????????????????,????????????,TTTTTTTTTTTTTTTTTTTTTTTTTTTTTT
visium-v2,CTACACGACGCTCTTCCGATCT,????????????????,????????????,TTTTTTTTTTTTTTTTTTTTTTTTTTTTTT
visium-v3,CTACACGACGCTCTTCCGATCT,????????????????,????????????,TTTTTTTTTTTTTTTTTTTTTTTTTTTTTT
visium-v4,CTACACGACGCTCTTCCGATCT,????????????????,????????????,TTTTTTTTTTTTTTTTTTTTTTTTTTTTTT
visium-v5,CTACACGACGCTCTTCCGATCT,????????????????,????????????,TTTTTTTTTTTTTTTTTTTTTTTTTTTTTT