technology,fwd_primer_f,fwd_primer_r,rev_primer_f,rev_primer_r,TSO_f,TSO_r
10x3v2,CTACACGACGCTCTTCCGATCT,AGATCGGAAGAGCGTCGTGTAG,CCCATGTACTCTGCGTTGATACCACTGCTT,AAGCAGTGGTATCAACGCAGAGTACATGGG,,
10x3v3,CTACACGACGCTCTTCCGATCT,AGATCGGAAGAGCGTCGTGTAG,CCCCTCTGCGTTGATACCACTGCTT,AAGCAGTGGTATCAACGCAGAGGGG,,
10x3v4,CTACACGACGCTCTTCCGATCT,AGATCGGAAGAGCGTCGTGTAG,CCCCTCTGCGTTGATACCACTGCTT,AAGCAGTGGTATCAACGCAGAGGGG,,
10x5v2,CTACACGACGCTCTTCCGATCT,AGATCGGAAGAGCGTCGTGTAG,GTACTCTGCGTTGATACCACTGCTT,AAGCAGTGGTATCAACGCAGAGTAC,TTTCTTATATGGG,CCCATATAAGAAA
10x5v3,CTACACGACGCTCTTCCGATCT,AGATCGGAAGAGCGTCGTGTAG,GTACTCTGCGTTGATACCACTGCTT,AAGCAGTGGTATCAACGCAGAGTAC,TTTCTTATATGGG,CCCATATAAGAAA
visium-v1,CTACACGACGCTCTTCCGATCT,AGATCGGAAGAGCGTCGTGTAG,CCCATGTACTCTGCGTTGATACCACTGCTT,AAGCAGTGGTATCAACGCAGAGTACATGGG,,
visium-v2,CTACACGACGCTCTTCCGATCT,AGATCGGAAGAGCGTCGTGTAG,CCCATGTACTCTGCGTTGATACCACTGCTT,AAGCAGTGGTATCAACGCAGAGTACATGGG,,
visium-v3,CTACACGACGCTCTTCCGATCT,AGATCGGAAGAGCGTCGTGTAG,CCCATGTACTCTGCGTTGATACCACTGCTT,AAGCAGTGGTATCAACGCAGAGTACATGGG,,
visium-v4,CTACACGACGCTCTTCCGATCT,AGATCGGAAGAGCGTCGTGTAG,CCCATGTACTCTGCGTTGATACCACTGCTT,AAGCAGTGGTATCAACGCAGAGTACATGGG,,
visium-v5,CTACACGACGCTCTTCCGATCT,AGATCGGAAGAGCGTCGTGTAG,CCCATGTACTCTGCGTTGATACCACTGCTT,AAGCAGTGGTATCAACGCAGAGTACATGGG,,